<?xml version="1.0"?>
<?xml-model href="http://download.ros.org/schema/package_format3.xsd" schematypens="http://www.w3.org/2001/XMLSchema"?>
<package format="3">
  <name>robocon2025</name>
  <version>0.0.1</version>
  <description>ament_cmake</description>
  <maintainer email="hbsjzdfd@163.com">fideow</maintainer>
  <license>TODO: License declaration</license>

  <buildtool_depend>ament_cmake</buildtool_depend>

  <test_depend>ament_lint_auto</test_depend>
  <test_depend>ament_lint_common</test_depend>

  <depend>gazebo_ros_pkgs</depend>
  <depend>gazebo_plugins</depend>
  <depend>robot_state_publisher</depend>
  <depend>gazebo_ros</depend>
  <depend>gazebo</depend>


  <export>
    <build_type>ament_cmake</build_type>
  </export>
</package>
