Link Name,Center of Mass X,Center of Mass Y,Center of Mass Z,Center of Mass Roll,Center of Mass Pitch,Center of Mass Yaw,Mass,Moment Ixx,Moment Ixy,Moment Ixz,Moment Iyy,Moment Iyz,Moment Izz,Visual X,Visual Y,Visual Z,Visual Roll,Visual Pitch,Visual Yaw,Mesh Filename,Color Red,Color Green,Color Blue,Color Alpha,Collision X,Collision Y,Collision Z,Collision Roll,Collision Pitch,Collision Yaw,Collision Mesh Filename,Material Name,SW Components,Coordinate System,Axis Name,Joint Name,Joint Type,Joint Origin X,Joint Origin Y,Joint Origin Z,Joint Origin Roll,Joint Origin Pitch,Joint Origin Yaw,Parent,Joint Axis X,Joint Axis Y,Joint Axis Z,Limit Effort,Limit Velocity,Limit Lower,Limit Upper,Calibration rising,Calibration falling,Dynamics Damping,Dynamics Friction,Safety Soft Upper,Safety Soft Lower,Safety K Position,Safety K Velocity
base_link,-0.0375289925735156,0.154377534013352,3.80364682459056E-08,0,0,0,11.9491015952123,0.011742109612255,7.69782422621364E-10,2.18899901834368E-10,0.00733987132432383,-5.08251261915599E-09,0.00718752213481062,0,0,0,0,0,0,package://舵轮底盘0/meshes/base_link.STL,0.898039215686275,0.917647058823529,0.929411764705882,1,0,0,0,0,0,0,package://舵轮底盘0/meshes/base_link.STL,,铝方管-4;木板2-6;铝方管160-3;木板3-4;铝方管160-6;木板2-2;木板2-5;木板2-3;铝方管-3;铝方管160-5;铝方管160-2;木板2-4;木板2-1;铝方管-1;铝方管160-4;铝方管160-1;碳板2-2;底盘护身连接件-2;碳板7-1;碳板2-1;木板3-13;碳板7-2;铝方管290-5;铝方管-7;铝方管290-6;铝方管140-3;碳板7-3;木板4-12;铝方管140-2;铝方管140-1;底盘护身连接件-3;铝方管-5;底盘护身连接件-1;木板4-13;铝方管290-4;碳板2-3;铝方管-6;碳板8-1;碳板3-4;碳板8-4;铝方管140-4;碳板8-3;碳板3-3;碳板8-2;碳板3-6;碳板3-5;舵轮-1/RoboMaster GM6020 直流无刷电机-1;舵轮-1/舵轮壳右-1;舵轮-1/舵轮壳左-1;舵轮-1/舵轮壳3-1;舵轮-1/3D_PCB1_2025-01-10 (5).step-2;舵轮-1/3D_PCB1_2025-01-10 (5).step-1;舵轮-1/6020中间打印件-1;舵轮-1/轴承滚针4-6;舵轮-1/轴承滚针4-5;舵轮-1/轴承滚针4-4;舵轮-1/轴承滚针4-3;舵轮-1/轴承滚针4-2;舵轮-1/轴承滚针4-1;舵轮-1/外8内4深沟球轴承-6;舵轮-1/外8内4深沟球轴承-5;舵轮-1/外8内4深沟球轴承-4;舵轮-1/外8内4深沟球轴承-3;舵轮-1/外8内4深沟球轴承-2;舵轮-1/外8内4深沟球轴承-1;舵轮-1/导电滑环M125U-12.stp-1;舵轮-1/F6805ZZ-25x37x7-1;舵轮-1/23赛季-C型弹性挡圈-轴用 DQA[DQA-25]-1;舵轮-2/RoboMaster GM6020 直流无刷电机-1;舵轮-2/舵轮壳右-1;舵轮-2/舵轮壳左-1;舵轮-2/舵轮壳3-1;舵轮-2/3D_PCB1_2025-01-10 (5).step-2;舵轮-2/3D_PCB1_2025-01-10 (5).step-1;舵轮-2/6020中间打印件-1;舵轮-2/轴承滚针4-6;舵轮-2/轴承滚针4-5;舵轮-2/轴承滚针4-4;舵轮-2/轴承滚针4-3;舵轮-2/轴承滚针4-2;舵轮-2/轴承滚针4-1;舵轮-2/外8内4深沟球轴承-6;舵轮-2/外8内4深沟球轴承-5;舵轮-2/外8内4深沟球轴承-4;舵轮-2/外8内4深沟球轴承-3;舵轮-2/外8内4深沟球轴承-2;舵轮-2/外8内4深沟球轴承-1;舵轮-2/导电滑环M125U-12.stp-1;舵轮-2/F6805ZZ-25x37x7-1;舵轮-2/23赛季-C型弹性挡圈-轴用 DQA[DQA-25]-1;舵轮-3/RoboMaster GM6020 直流无刷电机-1;舵轮-3/舵轮壳右-1;舵轮-3/舵轮壳左-1;舵轮-3/舵轮壳3-1;舵轮-3/3D_PCB1_2025-01-10 (5).step-2;舵轮-3/3D_PCB1_2025-01-10 (5).step-1;舵轮-3/6020中间打印件-1;舵轮-3/轴承滚针4-6;舵轮-3/轴承滚针4-5;舵轮-3/轴承滚针4-4;舵轮-3/轴承滚针4-3;舵轮-3/轴承滚针4-2;舵轮-3/轴承滚针4-1;舵轮-3/外8内4深沟球轴承-6;舵轮-3/外8内4深沟球轴承-5;舵轮-3/外8内4深沟球轴承-4;舵轮-3/外8内4深沟球轴承-3;舵轮-3/外8内4深沟球轴承-2;舵轮-3/外8内4深沟球轴承-1;舵轮-3/导电滑环M125U-12.stp-1;舵轮-3/F6805ZZ-25x37x7-1;舵轮-3/23赛季-C型弹性挡圈-轴用 DQA[DQA-25]-1,坐标系1,,,,0,0,0,0,0,0,,0,0,0,,,,,,,,,,,,
wheel1_Link,-4.5880164474682E-06,0.00149671580228215,-0.0350735949422567,0,0,0,0.930183221946008,0.00115434420639275,-3.26731603340384E-08,-9.80315836556665E-09,0.00115770281017753,-4.15160105670057E-05,0.0021795737259596,0,0,0,0,0,0,package://舵轮底盘0/meshes/wheel1_Link.STL,0.529411764705882,0.549019607843137,0.549019607843137,1,0,0,0,0,0,0,package://舵轮底盘0/meshes/wheel1_Link.STL,,舵轮-1/轮辐（东尺寸）-1;舵轮-1/垫圈新-1;舵轮-1/包胶轮.STEP-1;舵轮-1/减速比268：17 打印件.step-1;舵轮-1/客户模型 M3508减速箱 减比268：17.STEP-1,坐标系2,基准轴1,base_wheel1_joint,continuous,-0.114,-0.15218,0.034471,0,0,0,base_link,0,-0.040745,0.99917,,,,,,,,,,,,
wheel2_link,-4.58765259978011E-06,-0.0311229829547224,0.0162406032258794,0,0,0,0.930183196113669,0.00115434420094967,7.85132098195684E-09,3.31979186625485E-08,0.00196005990683555,-0.000421725079265357,0.00137721662027393,0,0,0,0,0,0,package://舵轮底盘0/meshes/wheel2_link.STL,0.529411764705882,0.549019607843137,0.549019607843137,1,0,0,0,0,0,0,package://舵轮底盘0/meshes/wheel2_link.STL,,舵轮-2/轮辐（东尺寸）-1;舵轮-2/垫圈新-1;舵轮-2/包胶轮.STEP-1;舵轮-2/减速比268：17 打印件.step-1;舵轮-2/客户模型 M3508减速箱 减比268：17.STEP-1,坐标系3,基准轴2,base_wheel2_joint,continuous,-0.114,0.33749,0.24824,0,0,0,base_link,0,0.88568,-0.4643,,,,,,,,,,,,
wheel3_link,-4.5880507260343E-06,0.0296275303135147,0.0188310040352835,0,0,0,0.930183193936316,0.00115434420435642,2.4826831522477E-08,-2.33980219147467E-08,0.00188821422567515,0.000463211629144105,0.0014490622885157,0,0,0,0,0,0,package://舵轮底盘0/meshes/wheel3_link.STL,0.529411764705882,0.549019607843137,0.549019607843137,1,0,0,0,0,0,0,package://舵轮底盘0/meshes/wheel3_link.STL,,舵轮-3/轮辐（东尺寸）-1;舵轮-3/垫圈新-1;舵轮-3/包胶轮.STEP-1;舵轮-3/减速比268：17 打印件.step-1;舵轮-3/客户模型 M3508减速箱 减比268：17.STEP-1,坐标系4,基准轴3,base_wheel3_joint,continuous,-0.114,0.27779,-0.28271,0,0,0,base_link,0,-0.84497,-0.53481,,,,,,,,,,,,
